,x_ship,y_ship
0,-471.2630843082951,-314.2168878962059
1,-434.3675138989204,-294.23065213374997
2,-397.47194348954565,-274.24441637129405
3,-360.576373080171,-254.25818060883813
4,-323.6808026707963,-234.27194484638224
5,-286.7852322614216,-214.2857090839263
6,-249.88966185204686,-194.29947332147037
7,-212.99409144267224,-174.3132375590145
8,-176.09852103329752,-154.3270017965586
9,-139.2029506239228,-134.34076603410264
10,-102.30738021454806,-114.35453027164671
11,-65.41180980517333,-94.36829450919078
12,-28.51623939579872,-74.38205874673491
13,8.379331013576007,-54.39582298427898
14,45.274901422950734,-34.409587221823045
15,82.17047183232535,-14.423351459367176
16,119.06604224170007,5.562884303088751
17,155.9616126510748,25.549120065544685
18,192.85718306044953,45.53535582800062
19,229.75275346982426,65.52159159045655
20,266.64832387919887,85.50782735291241
21,303.5438942885735,105.49406311536828
22,340.4394646979483,125.48029887782428
23,377.33503510732294,145.46653464028014
24,414.2306055166978,165.45277040273615
25,451.1261759260724,185.439006165192
26,488.021746335447,205.4252419276479
